{
    "controllerId": "gaia_reactor",
    "textureOverride": "immersiveengineering:block/metal/storage_steel",
    "name": "Gaia Reactor",
    "ports": [
        {
            "type": "masterfulmachinery:items",
            "name": "Item",
            "id": "item",
            "data": {
                "rows": 6,
                "columns": 5
            }
        },
        {
            "type": "masterfulmachinery:energy",
            "name": "FE",
            "id": "energy",
            "data": {
                "capacity": 500000000
            }
        },
        {
            "type": "masterfulmachinery:fluids",
            "name": "Fluid",
            "id": "fluid",
            "data": {
                "capacity": 512000
            }
        },
        {
            "type": "masterfulmachinery:botania_mana",
            "textureOverride": "mekanism:block/block_bronze",
            "name": "Mana",
            "id": "mana",
            "data": {
                "capacity": 6000000
            }
        },
        {
            "type": "masterfulmachinery:pncr_pressure",
            "name": "High Pressure",
            "id": "high_pressure",
            "textureOverride": "immersiveengineering:block/metal_decoration/radiator",
            "data": {
                "volume": 120,
                "dangerPressure": 20.0,
                "criticalPressure": 20.5
            }
        }
    ]
}
