{
    "biomes": [
        [
            {
                "type": "BIOME_DICT",
                "negate": false,
                "value": "overworld"
            },
            {
                "type": "BIOME_DICT",
                "negate": false,
                "value": "mountain"
            },
            {
                "type": "BIOME_DICT",
                "negate": false,
                "value": "forest"
            }
        ],
        [
            {
                "type": "BIOME_DICT",
                "negate": false,
                "value": "atum"
            },
            {
                "type": "BIOME_DICT",
                "negate": false,
                "value": "mountain"
            },
            {
                "type": "BIOME_DICT",
                "negate": false,
                "value": "forest"
            }
        ]
    ]
}
