{
  "biomes": [
    [
      {
        "type": "BIOME_DICT",
        "negate": false,
        "value": "overworld"
      },
      {
        "type": "BIOME_CATEGORY",
        "negate": false,
        "value": "mesa"
      }
    ],
    [
      {
        "type": "BIOME_DICT",
        "negate": false,
        "value": "overworld"
      },
      {
        "type": "BIOME_CATEGORY",
        "negate": false,
        "value": "savanna"
      }
    ],
    [
      {
        "type": "BIOME_DICT",
        "negate": false,
        "value": "atum"
      },
      {
        "type": "REGISTRY_NAME",
        "negate": true,
        "value": "atum:oasis"
      },
      {
        "type": "REGISTRY_NAME",
        "negate": true,
        "value": "atum:limestone_crags"
      },
      {
        "type": "REGISTRY_NAME",
        "negate": true,
        "value": "atum:limestone_mountains"
      },
      {
        "type": "REGISTRY_NAME",
        "negate": true,
        "value": "atum:dense_woods"
      }
    ]
  ]
}