{
    "biomes": [
        [
            {
                "type": "BIOME_DICT",
                "negate": false,
                "value": "overworld"
            },
            {
                "type": "BIOME_CATEGORY",
                "negate": false,
                "value": "desert"
            }
        ],
        [
            {
                "type": "REGISTRY_NAME",
                "negate": false,
                "value": "atum:limestone_crags"
            }
        ],
        [
            {
                "type": "REGISTRY_NAME",
                "negate": false,
                "value": "atum:limestone_mountains"
            }
        ]
    ]
}
